{
  "data_min_": [
    0.0
  ],
  "data_max_": [
    4079506.0
  ],
  "scale_": [
    2.4512771889537604e-07
  ],
  "min_": [
    0.0
  ],
  "sequence_length": 14,
  "last_sequence": [
    0.014440699437627985,
    0.008960734461476463,
    0.011627513233219904,
    0.013047030694402703,
    0.030840626291516668,
    0.024606751405684902,
    0.011111999835274172,
    0.01661913476778806,
    0.007732823533045422,
    0.005820106650167935,
    0.01007356527971769,
    0.01002958936694786,
    0.007168544426702644,
    0.015138754545280726
  ]
}